iter	Logloss
0	0.5850219727
1	0.499641704
2	0.430630893
3	0.382581823
4	0.3445868671
5	0.3145395371
6	0.2881224525
7	0.2700682859
8	0.256727596
9	0.2439053785
10	0.234576159
11	0.2239290125
12	0.2159009923
13	0.2102213773
14	0.2058389429
15	0.2020378725
16	0.1957615327
17	0.1924370138
18	0.1895808664
19	0.1863959817
20	0.1834029743
21	0.182025685
22	0.1787159354
23	0.1767232966
