iter	MultiClass
0	0.6379199067
1	0.5826640687
2	0.5384278344
3	0.5054965784
4	0.4703246252
5	0.4410713862
6	0.4147952437
7	0.397174858
8	0.3749669294
9	0.354860327
10	0.3381079007
